field,value
company_name,Official Car Emblem Distributor
company_description,"We specialize in distributing genuine car emblems and badges, with our specialty being premium blacked out versions of original manufacturer badges for all makes and models. As an official distributor, we supply to dealerships and direct to consumers."
company_services,"- Distribution of original and blacked out car emblems and badges
- Direct delivery to dealerships
- Personal delivery or shipping with tracking for consumers
- Corporate branded badges for marketing purposes
- Custom license plate frames for brand visibility"
company_tone,professional
value_proposition,"- Access to official manufacturer emblems and badges
- Specialty in premium blacked out versions
- Most items in stock for immediate delivery
- Personal delivery option available
- Direct contact with Mathieu for business inquiries (514-232-7355)
- Custom corporate badge and license plate frame options"
target_audience,"- Car dealerships
- Auto repair shops
- Custom car builders
- Automotive companies
- Car enthusiast consumers"
success_stories,"- Helped a major dealership refresh their brand identity resulting in 30% increased recognition
- Supplied complete badge packages to multiple automotive businesses
- Developed custom branded materials for companies seeking enhanced visibility"
unique_selling_points,"- Official distributor status
- Specialty in premium blacked-out versions
- Immediate stock availability
- Personal delivery service
- Direct business contact
- Custom branding options"
business_goals,"- Generate qualified leads through multiple websites
- Convert inquiries into sales
- Build recurring business relationships with dealerships
- Establish local reputation as go-to source"
contact_info,"Sales Team Contact: 514-232-7355 (Phone/WhatsApp)"
email_signature,"Best regards,
Your Official Car Emblem Supplier
Transforming Automotive Brands" 